,BuildingName,Primary,Secondary,Campus,Site,AltSite,Note,,
0,SOCCER,Gym,Entertainment,South,,https://mgoblue.com/sports/2017/6/16/facilities-soccer-complex-html.aspx,UofM soccer stadium,,
1,THAYER,Administrative,,Central,https://campusinfo.umich.edu/building-search/building/524/202-south-thayer-building,https://lsa.umich.edu/humanities https://lsa.umich.edu/asian https://lsa.umich.edu/judaic https://lsa.umich.edu/middleeast,202 South Thayer Building,,
2,CPP,Administrative,,Central,https://campusinfo.umich.edu/building-search/building/33/central-power-plant,http://utilities.fo.umich.edu/our-teams/utilities/,Central Power Plant,,
3,COOL,Class,,North,https://campusinfo.umich.edu/building-search/building/42/martimer-e-cooley-building,https://ners.engin.umich.edu/,Martimer E. Cooley Building,,
4,ERB2,Lab,Class,North,https://campusinfo.umich.edu/building-search/building/75/engineering-research-building-1,https://www.engin.umich.edu/,2355b Bonisteel Blvd (laboratory),,
5,HART,Administrative,,South,https://campusinfo.umich.edu/building-search/building/66/hartwig-marie-dorothy-administration-building,https://mgoblue.com/,Hartwig Administration Bldg,,
6,WEILL,Class,,Central,https://campusinfo.umich.edu/building-search/building/527/weill-joan-sanford-hall,,Weill Joan & Sanford Hall,,
7,HUTCH,Class,,Central,https://campusinfo.umich.edu/building-search/building/72/hutchins-hall,,Hutchins Hall,,
8,ASB,Administrative,,South,https://campusinfo.umich.edu/building-search/building/6/administrative-services,https://its.umich.edu/about/visiting,Administrative Service Building,,
9,BUHR,Library,,South,https://campusinfo.umich.edu/building-search/building/23/buhr-building,https://www.lib.umich.edu/library-floor-plan/buhr-building,Buhr Buldings,,
10,WEISER,Class,,Central,https://campusinfo.umich.edu/building-search/building/47/weiser-hall,https://sites.lsa.umich.edu/weiserhall/,Weiser Hall,,
11,SCHEM,Gym,,South,https://campusinfo.umich.edu/building-search/building/63/schembechler-glenn-e-hall,https://mgoblue.com/index.aspx?path=football,Glenn E. Schembechler Hall,,
12,ARCANX,Entertainment,,South,,https://uunions.umich.edu/resource/student-theatre-arts-complex-stac,Student Theatre Arts Complex,,
13,MUSART,Entertainment,,Central,https://campusinfo.umich.edu/building-search/building/11/alumni-memorial-hall,,,,
14,201SDIV,Entertainment,,North,https://campusinfo.umich.edu/building-search/building/526/walgreen-charles-r-jr-drama-center,,Charles R. Walgreen Jr Drama Center,,
15,CLEM,Library,,Central,https://campusinfo.umich.edu/building-search/building/165/clements-william-l-library,,Clements William Library,,
16,BIRB,Lab,Class,North,https://campusinfo.umich.edu/building-search/building/184/bonisteel-interdisciplinary-research-building,,Bonisteel Interdisciplinary Research Building,,
17,REVELLI,Entertainment,,South,https://campusinfo.umich.edu/building-search/building/167/revelli-william-d-band-rehearsal-hall,,Revelli Hall,,
18,AUXSRV,Lab,Class,North,https://campusinfo.umich.edu/building-search/building/603/mcity,,Automated and Connected Car Test Site - M City,,
19,GERS,Lab,Class,North,https://campusinfo.umich.edu/building-search/building/183/gerstacker-carl-a-building,,Carl A. Gerstacker Building,,
20,CCRB,Gym,,Central,https://campusinfo.umich.edu/building-search/building/32/central-campus-rec-bld-bell-margaret-pool,,Central Campus Recration Bld,,
21,HATCHN,Library,,Central,https://campusinfo.umich.edu/building-search/building/65/hatcher-harlan-h-south-graduate-library,,Hatcher Harlan H South Graduate Library,,
22,300NIB,Health,,Medical,https://campusinfo.umich.edu/building-search/building/570/300-n-ingalls-building,,300 N Ingalls Building,,
23,WHALL,Lab,Class,Central,https://campusinfo.umich.edu/building-search/building/163/west-hall,https://lsa.umich.edu/astro https://lsa.umich.edu/anthro https://lsa.umich.edu/physics https://lsa.umich.edu/stats,West Hall,,
24,HSVC,Health,,Central,https://campusinfo.umich.edu/building-search/building/68/health-service,,Health Service,,
25,710FOR,Daycare,,Central,https://campusinfo.umich.edu/building-search/building/174/towsley-childrens-house,,Towsley Children House,,
26,OXCHEEVER,Dorm,Study,Off,https://campusinfo.umich.edu/building-search/building/555/nichols-arboretum-residence,,Nichols Arboretum Residence,,
27,WALLACE,Student Life,,Off,https://campusinfo.umich.edu/building-search/building/110/wallace-mike-and-mary-house,,Wallace Mike and Mary House,,
28,THIEME,Dorm,Study,North,https://campusinfo.umich.edu/building-search/building/162/baits-vera-i-lee-house,,Vera Baits Housing,,
29,ROSS,Class,,Central,https://campusinfo.umich.edu/building-search/building/547/ross-school-of-business-building,,Ross School of Business Building,,
30,HOOVA,Administrative,,Central,https://campusinfo.umich.edu/building-search/building/6/administrative-services,https://hr.umich.edu/,Faculty Service Building,,
31,NW3,Dorm,Study,North,https://campusinfo.umich.edu/building-search/building/124/northwood-iii-apts-501,,Northwood III,,
32,OBLODGE,Lab,Class,Medical,https://campusinfo.umich.edu/building-search/building/135/kinesiology-building,,Kinesiology Building,,
~33,CRIS,Gym,Entertainment,South,https://campusinfo.umich.edu/building-search/building/35/crisler-center,,Crisler Center,,
34,external,,,Off,,,,,
35,HATCHS,Library,,Central,https://campusinfo.umich.edu/building-search/building/65/hatcher-harlan-h-south-graduate-library,,Hatcher Harlan H South Graduate Library,,
36,AEROPROP,Lab,Class,North,https://campusinfo.umich.edu/building-search/building/530/aerospace-engineering-lab-plasma-research,,Aerospace Engineering Lab Plasma Research,,
37,GYMN,Gym,,South,,https://mgoblue.com/sports/2017/6/16/facilities-gym-training-center-html.aspx,Donald R. Shepherd Women's Gymnastic Center,,
38,NEL,Lab,Class,North,,https://energy.umich.edu/,U-M Energy Insititute,,
39,NAME,Lab,Class,North,https://campusinfo.umich.edu/building-search/building/113/naval-architecture-and-marine-engineering,,Naval Architecture And Marine Engineering,,
40,BENT,Library,,North,https://campusinfo.umich.edu/building-search/building/19/bentley-alvin-m-arvella-d-historical-library,,Bentley Alvin M & Arvella D Historical Library,,
41,UNYN,Union Building,,Central,https://campusinfo.umich.edu/building-search/building/191/michigan-union-closed-april-30-spring-2020-for-renovation,,Michigan Union,,
~42,LBME,Class,Lab,North,https://campusinfo.umich.edu/building-search/building/7/lurie-ann-and-robert-h-biomedical-engineering-bld,,Lurie Ann And Robert H Biomedical Engineering Bld,,
43,CONGER,Dorm,Study,North,https://campusinfo.umich.edu/building-search/building/162/baits-vera-i-lee-house,,Vera Baits Housing,,
44,DC,Library,,North,https://campusinfo.umich.edu/building-search/building/181/duderstadt-james-and-anne-center,,Duderstadt James And Anne Center,,
~45,SEB,Class,,Central,https://campusinfo.umich.edu/building-search/building/136/education-school-of,http://www.soe.umich.edu/,School of Education,,
46,109MAD,Administrative,,Central,https://campusinfo.umich.edu/building-search/building/173/madison-building,,Madison Building,,
47,EATON,Dorm,Study,North,https://campusinfo.umich.edu/building-search/building/161/baits-vera-i-eaton-house,,Baits Vera I Eaton House,,
~48,LEAGUE,Entertainment,,Central,https://campusinfo.umich.edu/building-search/building/108/michigan-league,,Michigan League,,
49,CANHAM,Gym,,South,https://campusinfo.umich.edu/building-search/building/50/canham-donald-b-natatorium,,Canham Donald B Natatorium,,
50,GGBL,Class,Lab,North,https://campusinfo.umich.edu/building-search/building/21/george-g-gg-brown-laboratories,https://me.engin.umich.edu/,George G. (GG) Brown Laboratories,,
51,EWRE,Library,,North,https://campusinfo.umich.edu/building-search/building/182/environmental-and-water-resources-engineering-bl,,Environmental And Water Resources Engineering Bl,,
52,PHYPRO,Administrative,,South,https://campusinfo.umich.edu/building-search/building/535/physical-properties-building,https://umaec.umich.edu/,"The Physical Properties Building,Hoover Annex",,
53,NURS,Class,,Medical,https://campusinfo.umich.edu/building-search/building/137/school-of-nursing-building,https://nursing.umich.edu/,School of Nursing,,
54,ZIWET,Dorm,Study,North,https://campusinfo.umich.edu/building-search/building/162/baits-vera-i-lee-house,,Vera Baits Housing,,
55,LORCH,Class,,Central,https://campusinfo.umich.edu/building-search/building/88/lorch-hall,https://lsa.umich.edu/econ https://lsa.umich.edu/linguistics,Lorch Hall,,
56,TRACK,Gym,,South,https://campusinfo.umich.edu/building-search/building/155/indoor-track-building,,Indoor Track Building,,
57,MSB,Dorm,,Central,https://campusinfo.umich.edu/building-search/building/112/mosher-eliza-m-hall-jordan-myra-b-hall,,Mosher-Jordan Hall,,
~58,PLAYERCTR,Gym,Entertainment,South,https://campusinfo.umich.edu/building-search/building/35/crisler-center,,"333 E Stadium Blvd, Ann Arbor, MI 48109, USA",,
~59,STAD-NPBB,Student Life,,South,https://campusinfo.umich.edu/building-search/building/503/michigan-stadium,,North Plaza Building B,,
60,BARBOUR,Dorm,Study,Central,https://campusinfo.umich.edu/building-search/building/20/barbour-betsy-house,,Betsy Barbour Residence,,
61,NQUAD,Dorm,Study,Central,https://campusinfo.umich.edu/building-search/building/553/north-quadrangle-residential-and-academic-complex,,North Quadrangle Residential And Academic Complex,,
~62,DENT,Health,Entertainment,Central,https://campusinfo.umich.edu/building-search/building/49/dental-bldg-and-w-k-kellogg-foundation-institute,,Dental Faculty Associates or Sindecuse Museum of Dentistry,,
63,STAD,Entertainment,,South,https://campusinfo.umich.edu/building-search/building/503/michigan-stadium,,Michigan Stadium,,
64,PHARM,Class,Lab,Central,https://campusinfo.umich.edu/building-search/building/130/college-of-pharmacy-building,,College Of Pharmacy Building,,
65,GOLF,Gym,,Central,https://campusinfo.umich.edu/building-search/building/64/golf-clubhouse,,Golf Clubhouse,,
66,BEYSTER,Class,Lab,North,https://campusinfo.umich.edu/building-search/building/525/bob-and-betty-beyster-building,,Bob and Betty Beyster Building,,
67,MOJO,Dorm,Study,Central,https://campusinfo.umich.edu/building-search/building/112/mosher-eliza-m-hall-jordan-myra-b-hall,,Mosher-Jordan Hall,,
~68,LQUAD,Dorm,Study,Central,https://campusinfo.umich.edu/building-search/building/560/the-law-quad,,The Law Quad (John P. Cook Dormitory),,
69,NEWS,Administrative,,Central,https://campusinfo.umich.edu/building-search/building/118/michigan-news-building,https://www.record.umich.edu/ https://michigantoday.umich.edu/,News Service Building,,
70,CROSS,Dorm,Study,North,https://campusinfo.umich.edu/building-search/building/162/baits-vera-i-lee-house,,vera Baits Housing,,
71,BURNHAM,Student Life,,Off,https://campusinfo.umich.edu/building-search/building/13/burnham-house,,Burnham House,,
~72,MLB,Class,,Central,https://campusinfo.umich.edu/building-search/building/111/modern-languages-building,https://lsa.umich.edu/german https://lsa.umich.edu/rll https://lsa.umich.edu/slavic,Modern Language Bldg,,
73,USB,Class,Lab,Central,https://campusinfo.umich.edu/building-search/building/508/undergraduate-science-building,https://lsa.umich.edu/neurosci https://lsa.umich.edu/pite,Undergraduate Science Building,,
74,LEC,Administrative,,North,https://campusinfo.umich.edu/building-search/building/90/robert-h-lurie-engineering-center,https://www.engin.umich.edu/,Robert H. Lurie Engineering Center,,
~75,LIFSCI,Lab,Class,Central,https://campusinfo.umich.edu/building-search/building/187/life-sciences-institute-building,,Life Sciences Institute Building,,
76,PALMER,Class,,Central,https://campusinfo.umich.edu/building-search/building/188/palmer-commons,,Palmer Commons,,
77,ARTARC,Class,Lab,North,https://campusinfo.umich.edu/building-search/building/16/art-architecture-building,https://taubmancollege.umich.edu/,Art and Architecture Building,,
78,CHEM,Class,,Central,https://campusinfo.umich.edu/building-search/building/34/chemistry-dow-willard-h-laboratory,https://campusinfo.umich.edu/building-search/building/34/chemistry-dow-willard-h-laboratory,Chemistry Building,,
79,HILL,Entertainment,,Central,https://campusinfo.umich.edu/building-search/building/69/hill-auditorium,,Hill Auditorium,,
80,NCSW,Lab,Class,North,https://campusinfo.umich.edu/building-search/building/530/aerospace-engineering-lab-plasma-research,,Engineering Programs Building and Walter,,
81,OXEMANUEL,Dorm,Study,Off,https://campusinfo.umich.edu/building-search/building/555/nichols-arboretum-residence,,Nichols Arboretum Residence,,
82,EQUAD,Dorm,Study,Central,https://campusinfo.umich.edu/building-search/building/54/east-quadrangle,,East Quadrangle,,
83,MMPL,Lab,Class,North,https://campusinfo.umich.edu/building-search/building/60/michigan-memorial-phoenix-project-laboratory,https://energy.umich.edu/,Michigan Memorial Phoenix Project Laboratory,,
~84,AOC,Parking,,South,,https://ltp.umich.edu/parking/students.php,Red Lot (A parking lot),,
85,SAFETY,Administrative,,South,https://campusinfo.umich.edu/building-search/building/30/campus-safety-services-building,,DPS Campus Safety Services Building,,
86,MUSEUM,Entertainment,,Central,https://campusinfo.umich.edu/building-search/building/8/ruthven-alexander-g-museums-bldg,,Ruthven Alexander G Museums Bldg,,
87,LSA,Administrative,,Central,https://campusinfo.umich.edu/building-search/building/87/literature-science-and-the-arts,https://sites.lsa.umich.edu/lsa-building/,Literature Science and the Arts Building,,
88,BOYER,Administrative,,South,https://campusinfo.umich.edu/building-search/building/507/boyer-building,,Boyer Building,,
89,AUTO,Lab,Class,North,https://campusinfo.umich.edu/building-search/building/86/lay-walter-e-automotive-engineering-laboratory,,Lay Walter E Automotive Engineering Laboratory,,
90,STOCK,Dorm,Study,Central,https://campusinfo.umich.edu/building-search/building/172/stockwell-madelon-louisa-hall,,Stockwell Madelon Louisa Hall,,
91,TRANSP,Administrative,,South,https://campusinfo.umich.edu/building-search/building/156/transportation-services-building,,Transportation Services Building,,
92,HOOVB,Entertainment,,South,,https://uunions.umich.edu/resource/student-theatre-arts-complex-stac,Student Theatre Arts Complex,,
93,ERB1,Lab,Class,North,https://campusinfo.umich.edu/building-search/building/75/engineering-research-building-1,https://www.engin.umich.edu/,Engineering Research Building 1,,
94,AEROPLASMA,Lab,Class,North,https://campusinfo.umich.edu/building-search/building/530/aerospace-engineering-lab-plasma-research,,Aerospace Engineering Lab Plasma Research,,
95,GLICK,Gym,,South,,https://mgoblue.com/sports/2017/6/16/facilities-glick-field-house-html.aspx,Al Glick Field House (football),,
96,TENNIS,Gym,,South,https://campusinfo.umich.edu/building-search/building/159/tisch-preston-robert-tennis-bld,,Tisch Preston Robert Tennis Bld,,
97,EHALL,Class,Lab,Central,https://campusinfo.umich.edu/building-search/building/53/east-hall,https://lsa.umich.edu/psych/ https://lsa.umich.edu/math,East Hall,,
98,ISR,Lab,Class,Central,https://campusinfo.umich.edu/building-search/building/76/institute-for-social-research,,Institute For Social Research,,
99,HOOVC,Entertainment,,South,,https://uunions.umich.edu/resource/student-theatre-arts-complex-stac,Student Theatre Arts Complex,,
100,SRB,Class,Lab,North,https://campusinfo.umich.edu/building-search/building/142/space-research-building-srb,,Space Research Building,,
~101,SAB,Student Life,,Central,https://campusinfo.umich.edu/building-search/building/146/student-activities,https://studentlife.umich.edu/,Students Activities Building,,
~102,VARSITY,Administrative,,Off,https://campusinfo.umich.edu/building-search/building/533/research-museums-center,https://lsa.umich.edu/rmc,University of Michigan Varsity Drive Building,,
~103,ALUMNI,Student Life,,Central,https://campusinfo.umich.edu/building-search/building/10/alumni-center,,Alumni Center,,
104,TISCH,Class,,Central,https://campusinfo.umich.edu/building-search/building/541/angell-james-b-hall-and-tisch-hall,https://lsa.umich.edu/history https://lsa.umich.edu/complit,Angell James B Hall And Tisch Hall,,
105,CHRY,Class,,North,https://campusinfo.umich.edu/building-search/building/36/chrysler-center-continuing-engineering-education,https://advising.engin.umich.edu/ https://career.engin.umich.edu/ https://elc.engin.umich.edu/ http://isd.engin.umich.edu/,Chrysler Center,,
106,WRESTLING-SOCCER,Gym,,South,https://campusinfo.umich.edu/building-search/building/575/bahna-wrestling-center,,Bahna Wrestling Center,,
107,OXGEDDES,Dorm,Study,Off,https://campusinfo.umich.edu/building-search/building/555/nichols-arboretum-residence,,Nichols Arboretum Residence,,
108,JUNGE,Gym,,South,https://campusinfo.umich.edu/building-search/building/559/junge-family-champions-center-mortenson-plaza,,Junge Family Champions Center & Mortenson Plaza,,
109,NEWB,Dorm,Study,Central,https://campusinfo.umich.edu/building-search/building/117/newberry-helen-h-residence,,Helen Newberry Residence,,
110,NCFAM,Administrative,,North,https://campusinfo.umich.edu/building-search/building/114/northwood-community-center,,Northwood Community Center,,
111,MRKL,Dorm,Study,Central,https://campusinfo.umich.edu/building-search/building/97/markley-mary-butler-hall,,Mary Markley Hall,,
112,HAVEN,Class,,Central,https://campusinfo.umich.edu/building-search/building/541/angell-james-b-hall-and-tisch-hall,https://lsa.umich.edu/history https://lsa.umich.edu/complit,Angell James B Hall And Tisch Hall,,
113,BURS,Dorm,Study,North,https://campusinfo.umich.edu/building-search/building/24/bursley-joseph-a-marguerite-k-hall,,Bursley Joseph A & Marguerite K Hall,,
114,BURTON,Class,,Central,https://campusinfo.umich.edu/building-search/building/25/burton-memorial-tower,,Burton Memorial Tower,,
115,GFL,Lab,Class,North,https://campusinfo.umich.edu/building-search/building/57/gorguze-family-laboratory,http://teamprojects.engin.umich.edu/about/,Engineering Programs Building and Walter,,
116,RACK,Class,,Central,https://campusinfo.umich.edu/building-search/building/71/horace-h-rackham-school-of-graduate-studies,,Horace H. Rackham School Of Graduate Studies(academic),,
117,OXVANDEN,Administrative,,Off,,https://housing.umich.edu/residence-hall/oxford-houses/,Oxford community center,,
~118,NW1,Dorm,Study,North,https://campusinfo.umich.edu/building-search/building/122/northwood-i-apts-453,,Northwood I,,
119,ARBL2,Administrative,,Off,https://campusinfo.umich.edu/building-search/building/506/arbor-lakes-1,,Arbor Lakes 2,,
120,OXSEELEY,Dorm,Study,Off,https://campusinfo.umich.edu/building-search/building/555/nichols-arboretum-residence,,Nichols Arboretum Residence,,
121,OXGODDARD,Dorm,Study,Off,https://campusinfo.umich.edu/building-search/building/555/nichols-arboretum-residence,,Nichols Arboretum Residence,,
~122,FLDHKY,Gym,,South,,https://mgoblue.com/sports/2017/6/16/facilities-ocker-field-html.aspx,Michigan Field Hockey,,
123,IOE,Class,Lab,North,https://campusinfo.umich.edu/building-search/building/73/industrial-and-operations-engineering-building,https://ioe.engin.umich.edu/,Industrial And Operations Engineering Building,,
124,HENDERSON,Dorm,Study,Central,https://campusinfo.umich.edu/building-search/building/96/henderson-mary-bartron-house,,Henderson House,,
125,NW2,Dorm,Study,North,https://campusinfo.umich.edu/building-search/building/123/northwood-ii-apts-462,,Northwood II,,
126,UGLI,Library,,Central,https://campusinfo.umich.edu/building-search/building/139/shapiro-harold-t-and-vivian-b-library,https://www.lib.umich.edu/shapiro-undergraduate-library,Shapiro Harold T And Vivian B Library,,
~127,STUPUB,Student Life,,Central,https://campusinfo.umich.edu/building-search/building/147/lipsey-stanford-student-publications-building,,University of Michigan Office of Student Publications,,
128,KRESGELIB,Library,,Central,https://campusinfo.umich.edu/building-search/building/523/kresge-hall,,Kresge Business Administration Library,,
~129,ACAD,Study,,South,https://campusinfo.umich.edu/building-search/building/528/ross-stephen-m-academic-center,,Ross Academic Center,,
130,KEEN,Gym,,South,https://campusinfo.umich.edu/building-search/building/37/keen-clifford-p-arena,,Keen Clifford P Arena,,
~131,TROTTER,Student Life,,Central,https://campusinfo.umich.edu/building-search/building/157/trotter-william-monroe-house,,Trotter William Monroe House,,
132,LGLRSC,Class,,Central,https://campusinfo.umich.edu/building-search/building/72/hutchins-hall,,Hutchins Hall,,
133,LACROSSE,Gym,,South,https://campusinfo.umich.edu/building-search/building/155/indoor-track-building,,Indoor Track Building,,
134,DOW,Class,,North,https://campusinfo.umich.edu/building-search/building/51/dow-herbert-h-building,https://che.engin.umich.edu/,Dow Herbert H Building,,
135,SPH2,Class,Library,Medical,https://campusinfo.umich.edu/building-search/building/178/francis-thomas-jr-public-health,,School of Public Health II (Francis Thomas Jr Public Health),,
136,LANE,Student Life,,Central,https://campusinfo.umich.edu/building-search/building/84/lane-hall,https://lsa.umich.edu/women,Lane Hall,,
137,DANA,Class,,Central,https://campusinfo.umich.edu/building-search/building/45/dana-samuel-trask-building,,Dana Samuel Trask Building,,
138,NCCOMM,Student Life,,North,https://campusinfo.umich.edu/building-search/building/131/wilbur-k-pierpont-commons,,Wilbur K Pierpont Commons,,
139,YOST,Gym,,South,https://campusinfo.umich.edu/building-search/building/170/yost-ice-arena,,Yost Ice Arena,,
140,400NIB,Health,,Medical,https://campusinfo.umich.edu/building-search/building/570/300-n-ingalls-building,,North Campus Family Health,,
141,SPH1,Class,,Medical,https://campusinfo.umich.edu/building-search/building/70/vaughan-henry-frieze-public-health-building,,Henry F. Vaughan School of Public Health I,,
142,SSW,Class,,Central,https://campusinfo.umich.edu/building-search/building/138/school-of-social-work-building,,School of Social Work Building,,
143,MCOOK,Dorm,Study,Central,https://campusinfo.umich.edu/building-search/building/95/cook-martha-building,,Martha Cook Building,,
144,CCLTL,Class,Lab,Central,https://campusinfo.umich.edu/building-search/building/130/college-of-pharmacy-building,,Clarence Cook Little Building(College Of Pharmacy Building),,
145,ANGL,Class,,Central,https://campusinfo.umich.edu/building-search/building/541/angell-james-b-hall-and-tisch-hall,https://lsa.umich.edu/history https://lsa.umich.edu/complit,Angell James B Hall And Tisch Hall,,
146,MBG,Student Life,,Off,https://campusinfo.umich.edu/building-search/building/554/matthaei-botanical-gardens,,Matthaei Botanical Gardens,,
147,SQUAD,Dorm,Study,Central,https://campusinfo.umich.edu/building-search/building/141/south-quadrangle,,South Quadrangle,,
148,BLAU,Class,,Central,,https://michiganross.umich.edu/,Jeff T. Blau Hall,,
149,FXB,Class,,North,https://campusinfo.umich.edu/building-search/building/17/bagnoud-francois-xavier-building,https://aero.engin.umich.edu/,Francois-Xavier Bagnoud Building,,
150,KRAUS,Lab,Class,Central,https://campusinfo.umich.edu/building-search/building/55/kraus-edward-henry-building,https://lsa.umich.edu/biology,Edward Henry Kraus Building (Natural Science),,
151,IM,Gym,,South,https://campusinfo.umich.edu/building-search/building/77/intramural-sports-building,,Intramural Sports Building,,
152,ARBL1,Administrative,,Off,https://campusinfo.umich.edu/building-search/building/506/arbor-lakes-1,,Ann Arbor Lake 1,,
153,FLETCH,Dorm,Study,Central,https://campusinfo.umich.edu/building-search/building/59/fletcher-hall,,Fletcher Hall,,
154,STEARN,Administrative,,North,https://campusinfo.umich.edu/building-search/building/144/stearns-frederick-building,,Stearns Building,,
~155,WYLY,Administrative,,Central,https://campusinfo.umich.edu/building-search/building/522/wyly-sam-hall,https://michiganross.umich.edu/,Wyly Sam Hall,,
~156,PRES,Administrative,,Central,,http://umhistory.dc.umich.edu/history/publications/president/index.html,President's House,,
157,RNDL,Lab,Class,Central,https://campusinfo.umich.edu/building-search/building/133/randall-harrison-m-laboratory,,Randall Harrison M Laboratory,,
158,COUZ,Dorm,Study,Central,https://campusinfo.umich.edu/building-search/building/44/couzens-hall,,Couzens Hall,,
159,POWER,Entertainment,,Central,https://campusinfo.umich.edu/building-search/building/132/power-center-for-performing-arts,https://arts.umich.edu/museums-cultural-attractions/power-center/,Power Center For Performing Arts,,
160,ARG2,Administrative,,Central,https://campusinfo.umich.edu/building-search/building/15/argus-building-ii,https://fo.umich.edu/,Argus Building II,,
161,WOTO,Student Life,,Off,https://campusinfo.umich.edu/building-search/building/15/argus-building-ii,https://fo.umich.edu/,University of Michigan Work Connection,,* this was relocated so I think it's only facilities now
162,SBALL,Gym,,South,,https://mgoblue.com/sports/2017/6/16/facilities-alumni-field-html.aspx,Wilpon Baseball and Softball Complex,,
163,WQUAD,Dorm,Study,Central,https://campusinfo.umich.edu/building-search/building/164/west-quadrangle,,West Quadrangle,,
164,DANCE,Gym,,Central,https://campusinfo.umich.edu/building-search/building/32/central-campus-rec-bld-bell-margaret-pool,,Central Campus Recreation Building,,
165,WALG,Entertainment,,North,https://campusinfo.umich.edu/building-search/building/526/walgreen-charles-r-jr-drama-center,,Walgreen Drama Center,,
166,KELSEY,Entertainment,,Central,https://campusinfo.umich.edu/building-search/building/186/newberry-hall,,Kelsey Museum of Archaeology,,
~167,ICLE,Administrative,,South,https://campusinfo.umich.edu/building-search/building/74/institute-of-continuing-legal-ed,https://www.law.umich.edu/centersandprograms/Pages/icle.aspx,Institute Of Continuing Legal Ed,,
168,MUNGER,Dorm,Study,Central,https://campusinfo.umich.edu/building-search/building/600/munger-graduate-residences,,Munger Graduate Residences,,
169,LLOYD,Dorm,Study,Central,https://campusinfo.umich.edu/building-search/building/9/lloyd-alice-crocker-hall,,Lloyd Alice Crocker Hall,,
170,AEROWTL,Lab,Class,North,https://campusinfo.umich.edu/building-search/building/587/wilson-student-team-project-center,,Wilson Student Team Project Center,,
171,TAPPAN,Library,,Central,https://campusinfo.umich.edu/building-search/building/148/tappan-hall,https://lsa.umich.edu/histart https://www.lib.umich.edu/fine-arts-library,Tappan Hall(Fine Arts Library),,
172,SHALL,Class,,Central,,https://www.law.umich.edu/contact/pages/default.aspx,Law School Academic Building,,
173,MASON,Class,,Central,https://campusinfo.umich.edu/building-search/building/540/mason-hall,https://lsa.umich.edu/honors,Mason Hall,,
~174,PERRY,Lab,Class,Central,https://campusinfo.umich.edu/building-search/building/76/institute-for-social-research,,Inter-University Consortium for Political and Social Research,,
175,FISHER,Gym,,South,https://campusinfo.umich.edu/building-search/building/134/fisher-ray-baseball-stadium,,Fisher Ray Baseball Stadium,,
~176,SIN,Lab,Class,North,https://campusinfo.umich.edu/building-search/building/41/school-of-information-north,https://www.si.umich.edu/,School of Information North,,
177,COLISEUM,Gym,,South,https://campusinfo.umich.edu/building-search/building/39/coliseum,,University of Michigan-Sports Coliseum,,
178,POUND,Student Life,,Central,https://campusinfo.umich.edu/building-search/building/92/pound-madelon-house,,Ginsberg Center for Community Service and Learning,,
179,NING,Health,,Medical,https://campusinfo.umich.edu/building-search/building/570/300-n-ingalls-building,,300 N Ingalls Building,,
~180,OBSERV,Entertainment,Library,Central,https://campusinfo.umich.edu/building-search/building/189/detroit-observatory,,Detroit Observatory,,
181,ARBL3,Administrative,,Off,https://campusinfo.umich.edu/building-search/building/506/arbor-lakes-1,,Ann Arbor Lake 3,,
182,FLEM,Administrative,,Central,https://campusinfo.umich.edu/building-search/building/58/fleming-robben-w-aldyth-administration-building,https://president.umich.edu/,Fleming Robben W & Aldyth Administration Building,,"* altsite fairly arbitrary, too many options"
183,VAUGHN,Administrative,,Medical,https://campusinfo.umich.edu/building-search/building/160/vaughan-victor-c-house,https://medicine.umich.edu/medschool/home,Victor Vaughan,,
~184,UMTRI,Lab,Class,North,https://campusinfo.umich.edu/building-search/building/190/u-m-transportation-research-inst,,U-M Transportation Research Inst,,
185,ATHADM,Gym,,South,https://campusinfo.umich.edu/building-search/building/77/intramural-sports-building,,Intramural Sports Building,,
186,COMAN,Dorm,Study,North,https://campusinfo.umich.edu/building-search/building/162/baits-vera-i-lee-house,,vera Baits Housing,,
187,1007HURON,Administrative,,Central,https://campusinfo.umich.edu/building-search/building/89/lsa-administration-annex,https://lsa.umich.edu/,"LSA Annex, 1007 E Huron St",,
188,THOM,Parking,,Central,,https://ltp.umich.edu/parking/students.php,Thompson Street Parking Structure,,
189,MUSIC,Class,,North,https://campusinfo.umich.edu/building-search/building/52/earl-v-moore-building,,School of Music,,
190,NCSTOR,Administrative,,North,,http://procurement.umich.edu/property-space-management/property-disposition-public-shoppingU-M Property Disposition,,,
191,TAP,Library,,Central,https://campusinfo.umich.edu/building-search/building/148/tappan-hall,https://lsa.umich.edu/histart https://www.lib.umich.edu/fine-arts-library,Tappan Hall(Fine Arts Library),,
192,SIMP,Administrative,,Medical,https://campusinfo.umich.edu/building-search/building/151/simpson-thomas-h-memorial-inst-medical-research,,Thomas H Simpson Memorial Inst Medical Research,,
193,EECS,Class,Lab,North,https://campusinfo.umich.edu/building-search/building/56/electrical-engineering-and-computer-science-bld,,Electrical Engineering And Computer Science Bld,,
194,MITCH,Gym,Student Life,North,https://campusinfo.umich.edu/building-search/building/561/mitchell-field-building,,Mitchell Field Building,,
195,REVEL,Entertainment,,South,https://campusinfo.umich.edu/building-search/building/167/revelli-william-d-band-rehearsal-hall,,Revelli Hall,,
196,NCRC,Lab,Administrative,North,https://campusinfo.umich.edu/building-search/building/544/north-campus-research-complex-building-100,,North Campus Research Complex,,
197,NCRB,Gym,,North,https://campusinfo.umich.edu/building-search/building/115/north-campus-recreation-building,,North Campus Recreation Building,,
198,ELBEL,Gym,,South,https://campusinfo.umich.edu/building-search/building/557/elbel-field,,Elbel Field,,